No,Keyword,Search Volume,CPC,Paid Difficulty,SEO Difficulty
1,"speedy cash",301000,"$1.42",40,43
2,"small business loans",110000,"$56.65",62,82
3,"business loan",90500,"$103.83",72,73
4,"loans on same day",90500,"$11.10",89,59
5,"online loans",90500,"$12.08",75,74
6,"quick lenders",90500,"$18.14",57,68
7,"same day lenders",90500,"$16.82",87,69
8,"same day lending",90500,"$9.39",91,68
9,"same day loan",90500,"$16.82",87,77
10,"same day loan lender",90500,"$16.82",87,71
11,"same day loans",90500,"$16.82",87,75
12,"online loan calculators",74000,"$2.01",2,36
13,"quick lender",74000,"$19.95",89,64
14,"quick lending",74000,"$11.73",94,69
15,"instant loan",60500,"$14.32",86,54
16,"instant loans",60500,"$14.32",86,68
17,"cash loans",49500,"$14.10",83,44
18,"home loans",49500,"$28.59",52,87
19,"construction loans",40500,"$12.07",67,46
20,"business credit lines",33100,"$79.60",52,38
21,"credit line for businesses",33100,"$81.53",66,34
22,"mortgage loan near me",33100,"$19.85",41,27
23,"networking events",33100,"$5.77",8,85
24,"angel investment",27100,"$9.59",48,68
25,"fast lending",27100,"$11.19",91,54
26,"business financing calculator",22200,"$4.62",45,72
27,"online loans near me",22200,"$6.75",75,34
28,"business loan for startup",18100,"$11.89",69,31
29,"fast cash lender",18100,"$15.55",85,61
30,"instant loan money",18100,"$8.56",88,45
31,"direct lender payday",14800,"$3.18",20,28
32,"easy loan",14800,"$10.79",82,79
33,"how to get a business loan",14800,"$17.46",80,78
34,"online loan same day",14800,"$7.65",83,34
35,"p2p lending",14800,"$7.55",68,69
36,"peer-to-peer lending",14800,"$5.32",71,44
37,"second mortgages",14800,"$34.91",14,70
38,"fast lending online",12100,"$12.76",61,66
39,"fast online lending",12100,"$19.46",86,67
40,"loan for home renovation",12100,"$13.51",70,30
41,"online loan quick",12100,"$11.60",90,44
42,"speedy cash loan",12100,"$4.67",75,43
43,"business loan for car",9900,"$24.13",40,20
44,"commercial real estate loans",9900,"$19.48",46,53
45,"credit building loans",9900,"$7.77",19,51
46,"equity loans",9900,"$41.20",82,77
47,"fast online loans",9900,"$12.79",82,76
48,"instant payday loans",9900,"$8.73",80,40
49,"business loan new business",8100,"$16.50",64,27
50,"fast loan same day",8100,"$15.32",39,53
51,"instant loan online",8100,"$12.60",80,76
52,"quick easy loan",8100,"$8.35",95,44
53,"refinance loans",8100,"$50.73",69,59
54,"same day emergency cash loans",8100,"$7.28",79,52
55,"asset based lending",6600,"$19.34",49,64
56,"asset-backed loans",6600,"$14.68",49,34
57,"business loan small business",6600,"$42.91",54,23
58,"business term loans",6600,"$149.92",3,76
59,"cash now",6600,"$14.34",78,40
60,"commercial loans",6600,"$26.02",46,58
61,"equipment financing",6600,"$47.24",61,74
62,"fast business loans",6600,"$165.93",44,77
63,"finance loan",6600,"$8.42",67,40
64,"loan for property investment",6600,"$12.70",44,20
65,"online business loans",6600,"$126.44",17,77
66,"quick business funding",6600,"$165.93",44,77
67,"quick business loans",6600,"$165.93",44,75
68,"speedy lending",6600,"$5.66",74,42
69,"online loan instant approval",5400,"$5.74",82,31
70,"term loans",5400,"$25.39",21,26
71,"business loan no credit check",4400,"$26.70",39,43
72,"cash loans today",4400,"$13.92",48,72
73,"debt collection services",4400,"$42.10",5,75
74,"direct lender loans online",4400,"$4.30",67,27
75,"performance finance",4400,"$3.98",1,42
76,"pre-settlement funding",4400,"$19.40",75,42
77,"tiny home financing",4400,"$5.29",39,31
78,"veteran business loans",4400,"$9.38",69,25
79,"veteran loan for small business",4400,"$7.81",68,27
80,"fast fund lending",3600,"$14.93",66,28
81,"impact investing",3600,"$8.71",25,71
82,"loans to start a business",3600,"$12.14",34,84
83,"quick money lenders",3600,"$17.44",80,67
84,"series a funding",3600,"$3.88",23,62
85,"unsecured business financing",3600,"$84.37",15,19
86,"unsecured business loans",3600,"$178.33",11,37
87,"working capital loans",3600,"$147.35",45,69
88,"bank statements for loan",2900,"$22.34",68,26
89,"cash loans direct",2900,"$6.87",53,53
90,"convertible notes",2900,"$2.01",11,45
91,"quick cash now",2900,"$13.03",87,68
92,"short-term business loans",2900,"$142.09",16,18
93,"silent partners",2900,"$2.37",3,19
94,"startup funding",2900,"$18.10",40,79
95,"accounts receivable financing",2400,"$171.43",40,34
96,"agricultural land loans",2400,"$5.64",60,32
97,"loan for debt payoff",2400,"$25.99",89,32
98,"loans 600 credit score",2400,"$6.83",92,33
99,"same day loans near me",2400,"$6.88",77,75
100,"business loan direct lender",1900,"$101.14",33,57
101,"cash advance direct lender",1900,"$4.20",51,54
102,"equipment financing companies",1900,"$51.74",40,67
103,"growth funding",1900,"$11.08",21,55
104,"i want cash now",1900,"$9.78",84,31
105,"no-collateral personal loans",1900,"$15.71",87,40
106,"office loans",1900,"$8.72",68,39
107,"online loan texas",1900,"$6.00",81,38
108,"project finance",1900,"$13.73",11,48
109,"same day loan funding",1900,"$15.64",86,80
110,"store loans",1900,"$8.89",37,30
111,"tax refund anticipation loans",1900,"$4.46",32,52
112,"usa cash loan",1900,"$5.88",76,75
113,"agriculture equipment financing",1600,"$21.88",20,33
114,"bridging finance",1600,"$20.18",20,49
115,"crowdfunding for startups",1600,"$9.88",57,64
116,"cryptocurrency loans",1600,"$5.69",28,27
117,"first-time business loans",1600,"$10.07",85,39
118,"online loans for small business",1600,"$56.78",28,14
119,"revenue-based financing",1600,"$58.00",55,35
120,"revenue-based funding",1600,"$58.00",55,35
121,"same-day business funding",1600,"$113.69",40,26
122,"small business equipment financing",1600,"$96.63",44,76
123,"settlement funding",1300,"$23.61",32,76
124,"solar power financing",1300,"$14.63",36,24
125,"supply chain financing",1300,"$22.27",28,42
126,"term loan calculator",1300,"$7.34",14,78
127,"venture capital startups",1300,"$12.73",7,71
128,"corporate venture",1000,"$17.92",7,50
129,"farm equipment loans",1000,"$13.30",56,43
130,"heavy machinery financing",1000,"$32.94",53,52
131,"instant loan same day",1000,"$8.54",91,33
132,"liberty cash lender",1000,"$6.99",33,23
133,"pre-seed funding",1000,"$9.86",50,34
134,"series b funding",1000,"$4.35",14,46
135,"speedy cash loans online",1000,"$4.06",69,54
136,"business lending broker",880,"$36.43",62,29
137,"commercial term loans",880,"$15.66",33,39
138,"houston hard money lending",880,"$27.36",54,32
139,"long-term business loans",880,"$172.01",32,23
140,"online loan easy approval",880,"$9.66",73,54
141,"quick same day loan",880,"$18.77",92,78
142,"restaurant business loans",880,"$68.24",23,39
143,"same day loan approval",880,"$8.93",84,79
144,"seed capital",880,"$14.35",17,53
145,"small business loans florida",880,"$54.33",74,50
146,"business acquisition loans",720,"$39.19",56,29
147,"commercial lender broker",720,"$28.66",57,52
148,"emergency fund loans",720,"$10.80",87,58
149,"fast loan today",720,"$11.18",92,76
150,"instant business loans",720,"$126.66",78,74
151,"inventory financing",720,"$100.26",53,38
152,"low-interest business loans",720,"$57.10",80,38
153,"real estate financing",720,"$17.94",18,56
154,"seed funding for startups",720,"$12.64",33,49
155,"series c funding",720,"$30.72",13,50
156,"startup equipment financing",720,"$16.47",28,51
157,"what is asset based lending",720,"$7.28",14,40
158,"auto insurance loans",590,"$14.67",50,29
159,"business expansion loans",590,"$175.34",17,53
160,"construction equipment financing",590,"$35.10",34,40
161,"direct lender online loans",590,"$4.03",64,38
162,"equipment finance loans",590,"$35.22",12,73
163,"equipment financing calculator",590,"$5.57",42,49
164,"equipment financing for startups",590,"$19.63",28,24
165,"equipment lease financing",590,"$55.09",18,60
166,"multifamily loans",590,"$15.75",63,37
167,"no-collateral business loans",590,"$37.25",23,20
168,"online loan fast approval",590,"$8.86",79,72
169,"online loan illinois",590,"$7.98",69,41
170,"scientific research funding",590,"$5.86",7,90
171,"veteran loan programs",590,"$16.38",56,70
172,"acquisition loans",480,"$21.65",62,37
173,"asset finance",480,"$7.41",11,44
174,"direct lender mortgage",480,"$15.94",23,29
175,"fast business funding",480,"$280.12",28,78
176,"secured business loans",480,"$60.61",16,46
177,"short film financing",480,"$10.43",18,19
178,"big money loan",390,"$7.03",52,29
179,"bond financing",390,"$3.58",12,52
180,"community lending",390,"$3.53",30,54
181,"credit repair loans",390,"$11.75",84,53
182,"crowdfunding loans",390,"$12.46",80,43
183,"government-backed loans",390,"$10.16",41,31
184,"loan for medical bills",390,"$10.56",54,21
185,"quick approval loans",390,"$14.05",86,73
186,"venture capital for real estate",390,"$6.65",15,10
187,"big business loans",320,"$107.11",52,64
188,"e-commerce business loans",320,"$70.60",53,29
189,"expansion capital",320,"$43.94",43,50
190,"fast loan money",320,"$9.07",95,42
191,"instant loan direct lender",320,"$4.30",71,27
192,"large business loans",320,"$107.11",52,51
193,"business loan fast approval",260,"$274.33",62,71
194,"cash loans las vegas",260,"$8.69",74,16
195,"cash loans wisconsin",260,"$15.05",73,22
196,"fast approval business loans",260,"$190.00",26,57
197,"instant approval business loans",260,"$110.69",68,26
198,"land development financing",260,"$15.51",7,32
199,"quick approval business loans",260,"$112.46",87,32
200,"strategic investors",260,"$7.08",20,25
201,"tech startup grants",260,"$7.00",49,64
202,"workout loans",260,"$10.70",4,20
203,"bank statement loan rates",210,"$20.99",78,41
204,"climate tech startups",210,"$7.13",35,46
205,"e-commerce partnerships",210,"$9.73",35,29
206,"farm storage facility loans",210,"$8.60",22,29
207,"fast funding business loans",210,"$308.28",75,72
208,"fast loans lenders only",210,"$3.30",48,20
209,"online loan colorado",210,"$12.12",90,22
210,"partnership loans",210,"$13.00",34,38
211,"renewable energy startups",210,"$10.27",9,22
212,"small business loans oklahoma",210,"$21.89",83,33
213,"tuition funding source",210,"$9.10",43,20
214,"venture capital us",210,"$11.24",23,20
215,"esop loans",170,"$8.17",36,21
216,"foreclosure financing",170,"$7.21",26,18
217,"micro venture capital",170,"$7.26",24,33
218,"million-dollar loan",170,"$18.34",64,38
219,"mortgage loans for small business owners",170,"$27.98",71,54
220,"online loan michigan",170,"$10.97",74,40
221,"poultry farm loans",170,"$8.39",53,25
222,"quick loans america",170,"$26.49",79,51
223,"retail financing",170,"$47.77",43,44
224,"small business loan north carolina",170,"$19.10",76,28
225,"bootstrapping finance",140,"$0.00",2,41
226,"e-commerce financing",140,"$94.88",50,34
227,"emergency business funding",140,"$95.87",84,77
228,"flexible line of credit",140,"$15.24",41,42
229,"industrial finance",140,"$11.50",3,53
230,"project bond financing",140,"$6.64",17,19
231,"purchase order funding",140,"$38.48",22,20
232,"quick funding for small business",140,"$118.05",57,84
233,"same day accident loans",140,"$73.83",89,41
234,"short-term business financing",140,"$148.33",5,15
235,"wind energy investments",140,"$9.39",18,45
236,"asset backed financing",110,"$12.20",49,28
237,"business loan 10 years",110,"$83.18",86,31
238,"low-documentation loans",110,"$16.96",46,32
239,"minority-owned business loans",110,"$11.66",81,38
240,"saas funding",110,"$7.03",35,32
241,"silent partner agreements",110,"$2.96",48,28
242,"small business loan same day funding",110,"$105.16",38,62
243,"veteran-owned business loans",110,"$14.66",76,36
244,"co-op loans",90,"$12.10",67,39
245,"distressed funding",90,"$0.00",3,19
246,"fast direct lender loans",90,"$5.74",88,32
247,"non-traditional investors",90,"$7.77",74,41
248,"seed financing",90,"$12.36",27,47
249,"social impact funding",90,"$17.25",19,68
250,"tax-exempt bond financing",90,"$0.00",7,16
251,"business loan broker program",70,"$18.97",68,21
252,"construction tech startups",70,"$11.23",56,44
253,"cooperative loans",70,"$29.36",60,42
254,"debt consolidation financing",70,"$56.11",42,26
255,"direct lender fast cash loans",70,"$4.30",88,54
256,"esop financing",70,"$10.13",44,20
257,"fastest loan company",70,"$10.93",84,76
258,"fastfundlending",70,"$10.24",70,53
259,"home-based business loans",70,"$13.29",11,17
260,"joint venture financing",70,"$6.16",21,15
261,"joint venture funding",70,"$11.86",12,17
262,"loan pre-approval process",70,"$17.53",71,35
263,"online loan no bank verification",70,"$5.20",83,45
264,"online loans good credit",70,"$15.91",86,81
265,"secured term loans",70,"$16.41",52,29
266,"short-term working capital",70,"$77.84",72,35
267,"small business loans 100k",70,"$25.83",90,60
268,"warehouse funding",70,"$40.20",18,24
269,"big rig loans",50,"$12.08",67,26
270,"business lenders llc",50,"$14.37",49,50
271,"business loan 400k",50,"$39.65",81,56
272,"business loans kansas city",50,"$4.46",56,25
273,"cashnow advance",50,"$1.04",59,35
274,"clean energy loans",50,"$3.21",34,43
275,"express business loans",50,"$132.79",77,38
276,"grant funding source",50,"$4.40",26,21
277,"instant loan canada",50,"$4.01",48,66
278,"online venture funding",50,"$8.48",6,15
279,"software financing",50,"$67.40",35,43
280,"supplier credit",50,"$21.96",23,32
281,"veteran startup grants",50,"$4.56",67,47
282,"women entrepreneur loans",50,"$8.13",84,39
283,"agricultural research funding",40,"$4.85",11,61
284,"business loan quick approval",40,"$175.88",39,40
285,"film production funding",40,"$0.00",2,53
286,"rainbow loans",40,"$4.86",47,41
287,"app development funding",30,"$5.55",73,61
288,"fast loan group",30,"$9.02",61,45
289,"how big of a loan do i qualify for",30,"$11.96",77,60
290,"quick cash business loans",30,"$302.71",86,69
291,"quick loans of america",30,"$3.90",93,6
292,"small business 504 loan",30,"$11.84",86,31
293,"sustainability loans",30,"$6.97",12,55
294,"business loan 350k",20,"$26.91",80,38
295,"business loan 600 credit score",20,"$28.18",82,30
296,"long-term loan benefits",20,"$0.00",1,13
297,"seed stage financing",20,"$0.00",10,17
298,"business loan 3 million",10,"$37.49",81,30
299,"can i get a business loan without business credit",10,"$0.00",93,33
300,"fast track financial loans",10,"$0.00",1,5
301,"health insurance loans",10,"$7.37",80,38
302,"huge loan",10,"$8.55",81,43
303,"rapid business finance",10,"$0.00",100,44
304,"75k business loan",10,"$37.16",87,40
305,"angel investor funding",0,"$0.00",1,12
306,"bad credit loan",0,"$0.00",1,12
307,"bad credit loan colorado",0,"$0.00",1,4
308,"bad credit loan for house",0,"$0.00",1,4
309,"business loan with bad credit",0,"$0.00",1,4
310,"cash loans for bad credit",0,"$0.00",1,4
311,"direct lender for bad credit personal loans",0,"$0.00",1,4
312,"easy loan approval for bad credit",0,"$0.00",1,4
313,"equipment financing for new businesses",0,"$0.00",1,4
314,"loan for poor credit online",0,"$0.00",1,4
315,"loans for bad credit business",0,"$0.00",1,4
316,"online loan bad credit direct lender",0,"$0.00",1,4
317,"online loan poor credit",0,"$0.00",1,4
